user_genome	classification	fastani_reference	fastani_reference_radius	fastani_taxonomy	fastani_ani	fastani_af	closest_placement_reference	closest_placement_radius	closest_placement_taxonomy	closest_placement_ani	closest_placement_af	pplacer_taxonomy	classification_method	note	other_related_references(genome_id,species_name,radius,ANI,AF)	msa_percent	translation_table	red_value	warnings
Rep_1	d__Archaea;p__Thermoplasmatota;c__Thermoplasmata;o__Methanomassiliicoccales;f__Methanomassiliicoccaceae;g__Methanomassiliicoccus_A;s__Methanomassiliicoccus_A sp905203995	GCA_905203995.1	95.0	d__Archaea;p__Thermoplasmatota;c__Thermoplasmata;o__Methanomassiliicoccales;f__Methanomassiliicoccaceae;g__Methanomassiliicoccus_A;s__Methanomassiliicoccus_A sp905203995	99.98	0.95	GCA_905203995.1	95.0	d__Archaea;p__Thermoplasmatota;c__Thermoplasmata;o__Methanomassiliicoccales;f__Methanomassiliicoccaceae;g__Methanomassiliicoccus_A;s__Methanomassiliicoccus_A sp905203995	99.98	0.95	d__Archaea;p__Thermoplasmatota;c__Thermoplasmata;o__Methanomassiliicoccales;f__Methanomassiliicoccaceae;g__Methanomassiliicoccus_A;s__	taxonomic classification defined by topology and ANI	topological placement and ANI have congruent species assignments	GCA_905202485.1, s__Methanomassiliicoccus_A sp905202485, 95.0, 80.21, 0.38; GCF_000404225.1, s__Methanomassiliicoccus_A intestinalis, 95.0, 79.76, 0.37	96.44	11	N/A	N/A
Rep_1092	d__Archaea;p__Methanobacteriota;c__Methanobacteria;o__Methanobacteriales;f__Methanobacteriaceae;g__Methanobrevibacter_A;s__Methanobrevibacter_A sp900766745	GCA_900766745.1	95.0	d__Archaea;p__Methanobacteriota;c__Methanobacteria;o__Methanobacteriales;f__Methanobacteriaceae;g__Methanobrevibacter_A;s__Methanobrevibacter_A sp900766745	99.85	0.89	GCA_900766745.1	95.0	d__Archaea;p__Methanobacteriota;c__Methanobacteria;o__Methanobacteriales;f__Methanobacteriaceae;g__Methanobrevibacter_A;s__Methanobrevibacter_A sp900766745	99.85	0.89	d__Archaea;p__Methanobacteriota;c__Methanobacteria;o__Methanobacteriales;f__Methanobacteriaceae;g__Methanobrevibacter_A;s__	taxonomic classification defined by topology and ANI	topological placement and ANI have congruent species assignments	GCA_002496065.1, s__Methanobrevibacter_A sp002496065, 95.0, 81.86, 0.67; GCF_003111605.1, s__Methanobrevibacter_A woesei, 95.0, 79.62, 0.43; GCF_001477655.1, s__Methanobrevibacter_A millerae_A, 95.0, 79.19, 0.3; GCF_002252585.1, s__Methanobrevibacter_A smithii_A, 95.0, 79.19, 0.39; GCF_000016525.1, s__Methanobrevibacter_A smithii, 95.0, 79.14, 0.39; GCA_902774605.1, s__Methanobrevibacter_A sp902774605, 95.0, 79.06, 0.16; GCA_900314695.1, s__Methanobrevibacter_A sp900314695, 95.0, 78.98, 0.3; GCF_003111625.1, s__Methanobrevibacter_A thaueri, 95.0, 78.96, 0.21; GCA_015062935.1, s__Methanobrevibacter_A sp015062935, 95.0, 78.89, 0.26; GCF_001639275.1, s__Methanobrevibacter_A oralis, 95.0, 78.78, 0.34; GCA_017409525.1, s__Methanobrevibacter_A sp017409525, 95.0, 78.78, 0.25; GCF_001548675.1, s__Methanobrevibacter_A sp001548675, 95.0, 78.75, 0.26; GCA_015062915.1, s__Methanobrevibacter_A thaueri_B, 95.0, 78.75, 0.22; GCA_017553445.1, s__Methanobrevibacter_A sp017553445, 95.0, 78.71, 0.25; GCA_015063005.1, s__Methanobrevibacter_A millerae_B, 95.0, 78.68, 0.26; GCA_017447225.1, s__Methanobrevibacter_A sp017447225, 95.0, 78.68, 0.22; GCA_902771225.1, s__Methanobrevibacter_A sp900319535, 95.0, 78.64, 0.31; GCA_900769095.1, s__Methanobrevibacter_A sp900769095, 95.0, 78.63, 0.34; GCA_017407115.1, s__Methanobrevibacter_A sp017407115, 95.0, 78.62, 0.23; GCF_900103415.1, s__Methanobrevibacter_A millerae, 95.0, 78.53, 0.18; GCF_003814835.1, s__Methanobrevibacter_A gottschalkii, 95.0, 78.51, 0.34; GCA_017940815.1, s__Methanobrevibacter_A sp017940815, 95.0, 78.51, 0.21; GCA_900320515.1, s__Methanobrevibacter_A sp900320515, 95.0, 78.37, 0.16; GCA_900314615.1, s__Methanobrevibacter_A sp900314615, 95.0, 78.36, 0.26; GCA_900317865.1, s__Methanobrevibacter_A sp900317865, 95.0, 78.34, 0.27; GCA_017431965.1, s__Methanobrevibacter_A sp017431965, 95.0, 78.33, 0.21; GCA_902785855.1, s__Methanobrevibacter_A sp902785855, 95.0, 78.3, 0.33; GCA_015062905.1, s__Methanobrevibacter_A thaueri_A, 95.0, 78.3, 0.19; GCA_017427765.1, s__Methanobrevibacter_A sp017427765, 95.0, 78.29, 0.31; GCA_017434555.1, s__Methanobrevibacter_A sp017434555, 95.0, 78.29, 0.28; GCA_902788255.1, s__Methanobrevibacter_A sp902788255, 95.0, 78.28, 0.24; GCA_902801725.1, s__Methanobrevibacter_A sp902801725, 95.0, 78.27, 0.26; GCA_017539065.1, s__Methanobrevibacter_A sp017539065, 95.0, 78.21, 0.27; GCA_017434525.1, s__Methanobrevibacter_A sp017434525, 95.0, 78.21, 0.27; GCA_017468685.1, s__Methanobrevibacter_A sp017468685, 95.0, 78.16, 0.25; GCA_017473945.1, s__Methanobrevibacter_A sp017473945, 95.0, 78.15, 0.23; GCA_017460025.1, s__Methanobrevibacter_A sp017460025, 95.0, 78.09, 0.23; GCA_900313645.1, s__Methanobrevibacter_A sp900313645, 95.0, 78.09, 0.26; GCA_902770715.1, s__Methanobrevibacter_A sp902770715, 95.0, 78.07, 0.25; GCA_902771435.1, s__Methanobrevibacter_A sp902771435, 95.0, 78.05, 0.22; GCA_902764455.1, s__Methanobrevibacter_A sp902764455, 95.0, 78.03, 0.31; GCA_900318035.1, s__Methanobrevibacter_A sp900318035, 95.0, 77.99, 0.23; GCA_900320955.1, s__Methanobrevibacter_A sp900320955, 95.0, 77.99, 0.2; GCA_900316895.1, s__Methanobrevibacter_A sp900316895, 95.0, 77.98, 0.18; GCA_904501935.1, s__Methanobrevibacter_A sp904501935, 95.0, 77.9, 0.27; GCA_902777885.1, s__Methanobrevibacter_A sp902777885, 95.0, 77.88, 0.18; GCA_017459665.1, s__Methanobrevibacter_A sp017459665, 95.0, 77.85, 0.2; GCA_015062925.1, s__Methanobrevibacter_A thaueri_C, 95.0, 77.8, 0.26; GCA_017406825.1, s__Methanobrevibacter_A sp017406825, 95.0, 77.77, 0.19; GCA_900319985.1, s__Methanobrevibacter_A sp900319985, 95.0, 77.69, 0.25; GCA_902789505.1, s__Methanobrevibacter_A sp902789505, 95.0, 77.59, 0.22; GCA_017634055.1, s__Methanobrevibacter_A sp017634055, 95.0, 77.52, 0.16; GCA_015062985.1, s__Methanobrevibacter_A sp015062985, 95.0, 77.43, 0.2; GCA_902783085.1, s__Methanobrevibacter_A sp902783085, 95.0, 77.36, 0.28; GCA_902764015.1, s__Methanobrevibacter_A sp902764015, 95.0, 77.28, 0.09; GCA_902794475.1, s__Methanobrevibacter_A sp902794475, 95.0, 77.25, 0.17; GCA_902772665.1, s__Methanobrevibacter_A sp902772665, 95.0, 76.66, 0.14; GCA_902796575.1, s__Methanobrevibacter_A sp902796575, 95.0, 76.62, 0.19; GCA_902782595.1, s__Methanobrevibacter_A sp902782595, 95.0, 76.41, 0.15	97.61	11	N/A	N/A
Rep_1093	d__Archaea;p__Methanobacteriota;c__Methanobacteria;o__Methanobacteriales;f__Methanobacteriaceae;g__Methanobrevibacter_A;s__Methanobrevibacter_A smithii_A	GCF_002252585.1	95.0	d__Archaea;p__Methanobacteriota;c__Methanobacteria;o__Methanobacteriales;f__Methanobacteriaceae;g__Methanobrevibacter_A;s__Methanobrevibacter_A smithii_A	98.73	0.96	GCF_002252585.1	95.0	d__Archaea;p__Methanobacteriota;c__Methanobacteria;o__Methanobacteriales;f__Methanobacteriaceae;g__Methanobrevibacter_A;s__Methanobrevibacter_A smithii_A	98.73	0.96	d__Archaea;p__Methanobacteriota;c__Methanobacteria;o__Methanobacteriales;f__Methanobacteriaceae;g__Methanobrevibacter_A;s__	taxonomic classification defined by topology and ANI	topological placement and ANI have congruent species assignments	GCF_000016525.1, s__Methanobrevibacter_A smithii, 95.0, 93.72, 0.89; GCF_003111605.1, s__Methanobrevibacter_A woesei, 95.0, 80.36, 0.56; GCF_001639275.1, s__Methanobrevibacter_A oralis, 95.0, 79.84, 0.46; GCA_902771225.1, s__Methanobrevibacter_A sp900319535, 95.0, 79.52, 0.44; GCF_003111625.1, s__Methanobrevibacter_A thaueri, 95.0, 79.49, 0.24; GCF_003814835.1, s__Methanobrevibacter_A gottschalkii, 95.0, 79.48, 0.46; GCA_902785855.1, s__Methanobrevibacter_A sp902785855, 95.0, 79.42, 0.46; GCA_900314695.1, s__Methanobrevibacter_A sp900314695, 95.0, 79.42, 0.4; GCF_001548675.1, s__Methanobrevibacter_A sp001548675, 95.0, 79.37, 0.36; GCA_900769095.1, s__Methanobrevibacter_A sp900769095, 95.0, 79.37, 0.49; GCA_017427765.1, s__Methanobrevibacter_A sp017427765, 95.0, 79.35, 0.4; GCA_015062915.1, s__Methanobrevibacter_A thaueri_B, 95.0, 79.23, 0.25; GCA_017460025.1, s__Methanobrevibacter_A sp017460025, 95.0, 79.22, 0.3; GCA_015062935.1, s__Methanobrevibacter_A sp015062935, 95.0, 79.22, 0.36; GCA_017434525.1, s__Methanobrevibacter_A sp017434525, 95.0, 79.2, 0.33; GCA_017434555.1, s__Methanobrevibacter_A sp017434555, 95.0, 79.18, 0.38; GCA_017407115.1, s__Methanobrevibacter_A sp017407115, 95.0, 79.15, 0.32; GCA_015063005.1, s__Methanobrevibacter_A millerae_B, 95.0, 79.12, 0.36; GCA_017409525.1, s__Methanobrevibacter_A sp017409525, 95.0, 79.12, 0.33; GCA_902774605.1, s__Methanobrevibacter_A sp902774605, 95.0, 79.07, 0.21; GCA_017553445.1, s__Methanobrevibacter_A sp017553445, 95.0, 79.05, 0.32; GCA_900766745.1, s__Methanobrevibacter_A sp900766745, 95.0, 79.02, 0.34; GCA_900314615.1, s__Methanobrevibacter_A sp900314615, 95.0, 79.02, 0.35; GCF_001477655.1, s__Methanobrevibacter_A millerae_A, 95.0, 79.02, 0.43; GCA_902801725.1, s__Methanobrevibacter_A sp902801725, 95.0, 79.01, 0.32; GCA_017940815.1, s__Methanobrevibacter_A sp017940815, 95.0, 78.93, 0.3; GCA_017473945.1, s__Methanobrevibacter_A sp017473945, 95.0, 78.93, 0.31; GCA_900317865.1, s__Methanobrevibacter_A sp900317865, 95.0, 78.92, 0.41; GCA_904501935.1, s__Methanobrevibacter_A sp904501935, 95.0, 78.92, 0.39; GCA_017539065.1, s__Methanobrevibacter_A sp017539065, 95.0, 78.91, 0.35; GCA_017431965.1, s__Methanobrevibacter_A sp017431965, 95.0, 78.9, 0.37; GCA_902764455.1, s__Methanobrevibacter_A sp902764455, 95.0, 78.88, 0.38; GCF_900103415.1, s__Methanobrevibacter_A millerae, 95.0, 78.85, 0.24; GCA_902783085.1, s__Methanobrevibacter_A sp902783085, 95.0, 78.83, 0.5; GCA_017468685.1, s__Methanobrevibacter_A sp017468685, 95.0, 78.83, 0.34; GCA_900320955.1, s__Methanobrevibacter_A sp900320955, 95.0, 78.82, 0.32; GCA_002496065.1, s__Methanobrevibacter_A sp002496065, 95.0, 78.81, 0.39; GCA_017447225.1, s__Methanobrevibacter_A sp017447225, 95.0, 78.76, 0.32; GCA_900319985.1, s__Methanobrevibacter_A sp900319985, 95.0, 78.75, 0.33; GCA_902770715.1, s__Methanobrevibacter_A sp902770715, 95.0, 78.69, 0.31; GCA_900320515.1, s__Methanobrevibacter_A sp900320515, 95.0, 78.67, 0.22; GCA_902788255.1, s__Methanobrevibacter_A sp902788255, 95.0, 78.67, 0.27; GCA_017459665.1, s__Methanobrevibacter_A sp017459665, 95.0, 78.64, 0.31; GCA_902777885.1, s__Methanobrevibacter_A sp902777885, 95.0, 78.63, 0.35; GCA_017406825.1, s__Methanobrevibacter_A sp017406825, 95.0, 78.63, 0.27; GCA_902789505.1, s__Methanobrevibacter_A sp902789505, 95.0, 78.63, 0.29; GCA_900318035.1, s__Methanobrevibacter_A sp900318035, 95.0, 78.55, 0.3; GCA_900316895.1, s__Methanobrevibacter_A sp900316895, 95.0, 78.53, 0.27; GCA_015062905.1, s__Methanobrevibacter_A thaueri_A, 95.0, 78.51, 0.24; GCA_900313645.1, s__Methanobrevibacter_A sp900313645, 95.0, 78.44, 0.37; GCA_015062925.1, s__Methanobrevibacter_A thaueri_C, 95.0, 78.44, 0.32; GCA_902771435.1, s__Methanobrevibacter_A sp902771435, 95.0, 78.31, 0.33; GCA_015062985.1, s__Methanobrevibacter_A sp015062985, 95.0, 77.97, 0.29; GCA_017634055.1, s__Methanobrevibacter_A sp017634055, 95.0, 77.93, 0.26; GCA_902796575.1, s__Methanobrevibacter_A sp902796575, 95.0, 77.79, 0.28; GCA_902794475.1, s__Methanobrevibacter_A sp902794475, 95.0, 77.47, 0.21; GCA_902764015.1, s__Methanobrevibacter_A sp902764015, 95.0, 77.12, 0.13; GCA_902782595.1, s__Methanobrevibacter_A sp902782595, 95.0, 77.05, 0.21; GCA_902772665.1, s__Methanobrevibacter_A sp902772665, 95.0, 76.94, 0.19	99.18	11	N/A	N/A
Rep_1094	d__Archaea;p__Methanobacteriota;c__Methanobacteria;o__Methanobacteriales;f__Methanobacteriaceae;g__Methanobrevibacter_A;s__Methanobrevibacter_A smithii	GCF_000016525.1	95.0	d__Archaea;p__Methanobacteriota;c__Methanobacteria;o__Methanobacteriales;f__Methanobacteriaceae;g__Methanobrevibacter_A;s__Methanobrevibacter_A smithii	98.92	0.95	GCF_000016525.1	95.0	d__Archaea;p__Methanobacteriota;c__Methanobacteria;o__Methanobacteriales;f__Methanobacteriaceae;g__Methanobrevibacter_A;s__Methanobrevibacter_A smithii	98.92	0.95	d__Archaea;p__Methanobacteriota;c__Methanobacteria;o__Methanobacteriales;f__Methanobacteriaceae;g__Methanobrevibacter_A;s__	taxonomic classification defined by topology and ANI	topological placement and ANI have congruent species assignments	GCF_002252585.1, s__Methanobrevibacter_A smithii_A, 95.0, 93.4, 0.92; GCF_003111605.1, s__Methanobrevibacter_A woesei, 95.0, 80.32, 0.53; GCF_001639275.1, s__Methanobrevibacter_A oralis, 95.0, 79.76, 0.46; GCA_900769095.1, s__Methanobrevibacter_A sp900769095, 95.0, 79.75, 0.48; GCA_902785855.1, s__Methanobrevibacter_A sp902785855, 95.0, 79.69, 0.45; GCA_900314695.1, s__Methanobrevibacter_A sp900314695, 95.0, 79.6, 0.41; GCF_003814835.1, s__Methanobrevibacter_A gottschalkii, 95.0, 79.53, 0.47; GCA_017427765.1, s__Methanobrevibacter_A sp017427765, 95.0, 79.5, 0.41; GCA_015062915.1, s__Methanobrevibacter_A thaueri_B, 95.0, 79.49, 0.25; GCA_902771225.1, s__Methanobrevibacter_A sp900319535, 95.0, 79.44, 0.44; GCF_001477655.1, s__Methanobrevibacter_A millerae_A, 95.0, 79.42, 0.45; GCA_017409525.1, s__Methanobrevibacter_A sp017409525, 95.0, 79.37, 0.35; GCF_003111625.1, s__Methanobrevibacter_A thaueri, 95.0, 79.34, 0.26; GCF_001548675.1, s__Methanobrevibacter_A sp001548675, 95.0, 79.34, 0.39; GCA_015063005.1, s__Methanobrevibacter_A millerae_B, 95.0, 79.29, 0.38; GCA_900314615.1, s__Methanobrevibacter_A sp900314615, 95.0, 79.24, 0.37; GCA_015062935.1, s__Methanobrevibacter_A sp015062935, 95.0, 79.22, 0.42; GCA_017447225.1, s__Methanobrevibacter_A sp017447225, 95.0, 79.22, 0.36; GCA_017434555.1, s__Methanobrevibacter_A sp017434555, 95.0, 79.2, 0.44; GCA_900317865.1, s__Methanobrevibacter_A sp900317865, 95.0, 79.17, 0.41; GCA_017407115.1, s__Methanobrevibacter_A sp017407115, 95.0, 79.17, 0.34; GCA_017434525.1, s__Methanobrevibacter_A sp017434525, 95.0, 79.15, 0.37; GCA_902801725.1, s__Methanobrevibacter_A sp902801725, 95.0, 79.14, 0.35; GCA_902774605.1, s__Methanobrevibacter_A sp902774605, 95.0, 79.1, 0.22; GCA_017431965.1, s__Methanobrevibacter_A sp017431965, 95.0, 79.09, 0.37; GCA_017460025.1, s__Methanobrevibacter_A sp017460025, 95.0, 79.05, 0.33; GCA_017553445.1, s__Methanobrevibacter_A sp017553445, 95.0, 79.04, 0.35; GCA_902777885.1, s__Methanobrevibacter_A sp902777885, 95.0, 79.04, 0.33; GCA_900766745.1, s__Methanobrevibacter_A sp900766745, 95.0, 78.99, 0.34; GCA_902788255.1, s__Methanobrevibacter_A sp902788255, 95.0, 78.97, 0.3; GCA_900319985.1, s__Methanobrevibacter_A sp900319985, 95.0, 78.96, 0.34; GCA_017473945.1, s__Methanobrevibacter_A sp017473945, 95.0, 78.94, 0.34; GCA_900318035.1, s__Methanobrevibacter_A sp900318035, 95.0, 78.87, 0.32; GCA_902789505.1, s__Methanobrevibacter_A sp902789505, 95.0, 78.87, 0.3; GCF_900103415.1, s__Methanobrevibacter_A millerae, 95.0, 78.86, 0.25; GCA_017539065.1, s__Methanobrevibacter_A sp017539065, 95.0, 78.85, 0.35; GCA_900316895.1, s__Methanobrevibacter_A sp900316895, 95.0, 78.84, 0.27; GCA_015062905.1, s__Methanobrevibacter_A thaueri_A, 95.0, 78.83, 0.26; GCA_017940815.1, s__Methanobrevibacter_A sp017940815, 95.0, 78.83, 0.33; GCA_902764455.1, s__Methanobrevibacter_A sp902764455, 95.0, 78.8, 0.41; GCA_017468685.1, s__Methanobrevibacter_A sp017468685, 95.0, 78.8, 0.35; GCA_900320515.1, s__Methanobrevibacter_A sp900320515, 95.0, 78.79, 0.24; GCA_017406825.1, s__Methanobrevibacter_A sp017406825, 95.0, 78.79, 0.27; GCA_902770715.1, s__Methanobrevibacter_A sp902770715, 95.0, 78.77, 0.35; GCA_904501935.1, s__Methanobrevibacter_A sp904501935, 95.0, 78.74, 0.39; GCA_900313645.1, s__Methanobrevibacter_A sp900313645, 95.0, 78.66, 0.36; GCA_002496065.1, s__Methanobrevibacter_A sp002496065, 95.0, 78.6, 0.39; GCA_017459665.1, s__Methanobrevibacter_A sp017459665, 95.0, 78.56, 0.31; GCA_900320955.1, s__Methanobrevibacter_A sp900320955, 95.0, 78.5, 0.31; GCA_902771435.1, s__Methanobrevibacter_A sp902771435, 95.0, 78.44, 0.33; GCA_015062925.1, s__Methanobrevibacter_A thaueri_C, 95.0, 78.41, 0.33; GCA_015062985.1, s__Methanobrevibacter_A sp015062985, 95.0, 78.4, 0.29; GCA_902783085.1, s__Methanobrevibacter_A sp902783085, 95.0, 78.38, 0.5; GCA_017634055.1, s__Methanobrevibacter_A sp017634055, 95.0, 77.96, 0.29; GCA_902794475.1, s__Methanobrevibacter_A sp902794475, 95.0, 77.72, 0.24; GCA_902764015.1, s__Methanobrevibacter_A sp902764015, 95.0, 77.69, 0.14; GCA_902796575.1, s__Methanobrevibacter_A sp902796575, 95.0, 77.65, 0.3; GCA_902772665.1, s__Methanobrevibacter_A sp902772665, 95.0, 77.16, 0.22; GCA_902782595.1, s__Methanobrevibacter_A sp902782595, 95.0, 76.97, 0.23	99.21	11	N/A	N/A
Rep_1095	d__Archaea;p__Methanobacteriota;c__Methanobacteria;o__Methanobacteriales;f__Methanobacteriaceae;g__Methanobrevibacter_A;s__Methanobrevibacter_A woesei	GCF_003111605.1	95.0	d__Archaea;p__Methanobacteriota;c__Methanobacteria;o__Methanobacteriales;f__Methanobacteriaceae;g__Methanobrevibacter_A;s__Methanobrevibacter_A woesei	96.82	0.93	GCF_003111605.1	95.0	d__Archaea;p__Methanobacteriota;c__Methanobacteria;o__Methanobacteriales;f__Methanobacteriaceae;g__Methanobrevibacter_A;s__Methanobrevibacter_A woesei	96.82	0.93	d__Archaea;p__Methanobacteriota;c__Methanobacteria;o__Methanobacteriales;f__Methanobacteriaceae;g__Methanobrevibacter_A;s__	taxonomic classification defined by topology and ANI	topological placement and ANI have congruent species assignments	GCF_002252585.1, s__Methanobrevibacter_A smithii_A, 95.0, 80.28, 0.56; GCF_000016525.1, s__Methanobrevibacter_A smithii, 95.0, 80.09, 0.52; GCA_900766745.1, s__Methanobrevibacter_A sp900766745, 95.0, 79.59, 0.42; GCA_900314695.1, s__Methanobrevibacter_A sp900314695, 95.0, 79.51, 0.36; GCA_902785855.1, s__Methanobrevibacter_A sp902785855, 95.0, 79.43, 0.44; GCA_902771225.1, s__Methanobrevibacter_A sp900319535, 95.0, 79.42, 0.39; GCF_001477655.1, s__Methanobrevibacter_A millerae_A, 95.0, 79.33, 0.38; GCA_002496065.1, s__Methanobrevibacter_A sp002496065, 95.0, 79.31, 0.41; GCA_900769095.1, s__Methanobrevibacter_A sp900769095, 95.0, 79.29, 0.41; GCA_017427765.1, s__Methanobrevibacter_A sp017427765, 95.0, 79.23, 0.33; GCA_902774605.1, s__Methanobrevibacter_A sp902774605, 95.0, 79.2, 0.16; GCA_015062915.1, s__Methanobrevibacter_A thaueri_B, 95.0, 79.15, 0.22; GCA_017460025.1, s__Methanobrevibacter_A sp017460025, 95.0, 79.14, 0.27; GCF_001639275.1, s__Methanobrevibacter_A oralis, 95.0, 79.09, 0.48; GCF_003814835.1, s__Methanobrevibacter_A gottschalkii, 95.0, 79.07, 0.42; GCA_017407115.1, s__Methanobrevibacter_A sp017407115, 95.0, 79.05, 0.28; GCF_001548675.1, s__Methanobrevibacter_A sp001548675, 95.0, 79.03, 0.34; GCA_017434525.1, s__Methanobrevibacter_A sp017434525, 95.0, 78.91, 0.32; GCA_017553445.1, s__Methanobrevibacter_A sp017553445, 95.0, 78.91, 0.28; GCA_015063005.1, s__Methanobrevibacter_A millerae_B, 95.0, 78.91, 0.33; GCA_017447225.1, s__Methanobrevibacter_A sp017447225, 95.0, 78.9, 0.3; GCA_015062935.1, s__Methanobrevibacter_A sp015062935, 95.0, 78.89, 0.34; GCA_902788255.1, s__Methanobrevibacter_A sp902788255, 95.0, 78.85, 0.27; GCF_003111625.1, s__Methanobrevibacter_A thaueri, 95.0, 78.83, 0.23; GCA_900317865.1, s__Methanobrevibacter_A sp900317865, 95.0, 78.83, 0.35; GCA_017473945.1, s__Methanobrevibacter_A sp017473945, 95.0, 78.82, 0.26; GCA_017409525.1, s__Methanobrevibacter_A sp017409525, 95.0, 78.79, 0.3; GCF_900103415.1, s__Methanobrevibacter_A millerae, 95.0, 78.76, 0.19; GCA_017940815.1, s__Methanobrevibacter_A sp017940815, 95.0, 78.73, 0.27; GCA_902801725.1, s__Methanobrevibacter_A sp902801725, 95.0, 78.68, 0.29; GCA_902764455.1, s__Methanobrevibacter_A sp902764455, 95.0, 78.63, 0.36; GCA_017468685.1, s__Methanobrevibacter_A sp017468685, 95.0, 78.61, 0.34; GCA_015062905.1, s__Methanobrevibacter_A thaueri_A, 95.0, 78.61, 0.2; GCA_017539065.1, s__Methanobrevibacter_A sp017539065, 95.0, 78.59, 0.34; GCA_900314615.1, s__Methanobrevibacter_A sp900314615, 95.0, 78.56, 0.32; GCA_017431965.1, s__Methanobrevibacter_A sp017431965, 95.0, 78.56, 0.3; GCA_900320515.1, s__Methanobrevibacter_A sp900320515, 95.0, 78.53, 0.19; GCA_017459665.1, s__Methanobrevibacter_A sp017459665, 95.0, 78.49, 0.25; GCA_015062925.1, s__Methanobrevibacter_A thaueri_C, 95.0, 78.48, 0.31; GCA_902770715.1, s__Methanobrevibacter_A sp902770715, 95.0, 78.45, 0.32; GCA_017434555.1, s__Methanobrevibacter_A sp017434555, 95.0, 78.43, 0.36; GCA_900318035.1, s__Methanobrevibacter_A sp900318035, 95.0, 78.42, 0.24; GCA_900316895.1, s__Methanobrevibacter_A sp900316895, 95.0, 78.39, 0.22; GCA_902771435.1, s__Methanobrevibacter_A sp902771435, 95.0, 78.38, 0.27; GCA_902777885.1, s__Methanobrevibacter_A sp902777885, 95.0, 78.38, 0.24; GCA_900319985.1, s__Methanobrevibacter_A sp900319985, 95.0, 78.26, 0.29; GCA_902783085.1, s__Methanobrevibacter_A sp902783085, 95.0, 78.19, 0.41; GCA_900320955.1, s__Methanobrevibacter_A sp900320955, 95.0, 78.19, 0.27; GCA_900313645.1, s__Methanobrevibacter_A sp900313645, 95.0, 78.14, 0.29; GCA_904501935.1, s__Methanobrevibacter_A sp904501935, 95.0, 78.09, 0.34; GCA_902789505.1, s__Methanobrevibacter_A sp902789505, 95.0, 78.05, 0.26; GCA_017406825.1, s__Methanobrevibacter_A sp017406825, 95.0, 77.94, 0.24; GCA_017634055.1, s__Methanobrevibacter_A sp017634055, 95.0, 77.66, 0.21; GCA_902794475.1, s__Methanobrevibacter_A sp902794475, 95.0, 77.61, 0.18; GCA_015062985.1, s__Methanobrevibacter_A sp015062985, 95.0, 77.6, 0.26; GCA_902796575.1, s__Methanobrevibacter_A sp902796575, 95.0, 77.09, 0.24; GCA_902764015.1, s__Methanobrevibacter_A sp902764015, 95.0, 76.87, 0.13; GCA_902782595.1, s__Methanobrevibacter_A sp902782595, 95.0, 76.87, 0.18; GCA_902772665.1, s__Methanobrevibacter_A sp902772665, 95.0, 76.36, 0.19	99.15	11	N/A	N/A
Rep_1096	d__Archaea;p__Methanobacteriota;c__Methanobacteria;o__Methanobacteriales;f__Methanobacteriaceae;g__Methanosphaera;s__Methanosphaera sp900322125	GCA_902782945.1	95.0	d__Archaea;p__Methanobacteriota;c__Methanobacteria;o__Methanobacteriales;f__Methanobacteriaceae;g__Methanosphaera;s__Methanosphaera sp900322125	99.38	0.9	GCA_902782945.1	95.0	d__Archaea;p__Methanobacteriota;c__Methanobacteria;o__Methanobacteriales;f__Methanobacteriaceae;g__Methanosphaera;s__Methanosphaera sp900322125	99.38	0.9	d__Archaea;p__Methanobacteriota;c__Methanobacteria;o__Methanobacteriales;f__Methanobacteriaceae;g__Methanosphaera;s__	taxonomic classification defined by topology and ANI	topological placement and ANI have congruent species assignments	GCF_001729965.1, s__Methanosphaera sp001729965, 95.0, 80.89, 0.58; GCF_000012545.1, s__Methanosphaera stadtmanae, 95.0, 80.44, 0.54; GCF_003149675.1, s__Methanosphaera cuniculi, 95.0, 79.41, 0.37; GCA_016282985.1, s__Methanosphaera sp016282985, 95.0, 79.34, 0.33; GCA_013330915.1, s__Methanosphaera sp11921u, 95.0, 79.3, 0.36; GCA_003266145.1, s__Methanosphaera sp003266145, 95.0, 78.97, 0.27; GCA_015062805.1, s__Methanosphaera stadtmanae_C, 95.0, 78.96, 0.34; GCA_017431845.1, s__Methanosphaera sp017431845, 95.0, 78.95, 0.36; GCA_015062825.1, s__Methanosphaera stadtmanae_A, 95.0, 78.92, 0.38; GCA_017430835.1, s__Methanosphaera sp017430835, 95.0, 78.72, 0.37; GCF_003268005.1, s__Methanosphaera sp003268005, 95.0, 78.61, 0.3; GCA_015062815.1, s__Methanosphaera stadtmanae_B, 95.0, 78.55, 0.34; GCA_003266105.1, s__Methanosphaera sp003266105, 95.0, 78.16, 0.29; GCA_902797085.1, s__Methanosphaera sp902797085, 95.0, 77.77, 0.3; GCA_017652595.1, s__Methanosphaera sp017652595, 95.0, 77.56, 0.17; GCA_003266075.1, s__Methanosphaera sp003266075, 95.0, 77.41, 0.15; GCA_003266165.1, s__Methanosphaera sp003266165, 95.0, 77.37, 0.19; GCA_003266065.1, s__Methanosphaera sp003266065, 95.0, 76.73, 0.13	97.35	11	N/A	N/A
Rep_1097	d__Archaea;p__Methanobacteriota;c__Methanobacteria;o__Methanobacteriales;f__Methanobacteriaceae;g__Methanobacterium;s__Methanobacterium sp000499765	GCA_000499765.1	95.0	d__Archaea;p__Methanobacteriota;c__Methanobacteria;o__Methanobacteriales;f__Methanobacteriaceae;g__Methanobacterium;s__Methanobacterium sp000499765	99.68	0.98	GCA_000499765.1	95.0	d__Archaea;p__Methanobacteriota;c__Methanobacteria;o__Methanobacteriales;f__Methanobacteriaceae;g__Methanobacterium;s__Methanobacterium sp000499765	99.68	0.98	d__Archaea;p__Methanobacteriota;c__Methanobacteria;o__Methanobacteriales;f__Methanobacteriaceae;g__Methanobacterium;s__	taxonomic classification defined by topology and ANI	topological placement and ANI have congruent species assignments	GCA_001316325.1, s__Methanobacterium formicicum, 95.0, 88.07, 0.88; GCA_003491305.1, s__Methanobacterium sp003491305, 95.0, 87.91, 0.88; GCA_016217785.1, s__Methanobacterium sp016217785, 95.0, 80.35, 0.6; GCF_002813695.1, s__Methanobacterium subterraneum, 95.0, 80.31, 0.59; GCF_000302455.1, s__Methanobacterium formicicum_A, 95.0, 80.31, 0.6; GCA_000309865.1, s__Methanobacterium sp000309865, 95.0, 80.08, 0.56; GCA_013403005.1, s__Methanobacterium sp013403005, 95.0, 79.04, 0.37; GCF_017873625.1, s__Methanobacterium petrolearium, 95.0, 78.93, 0.4; GCA_002067065.1, s__Methanobacterium sp002067065, 95.0, 78.82, 0.4; GCA_002496805.1, s__Methanobacterium sp002496805, 95.0, 78.42, 0.29; GCA_012838205.1, s__Methanobacterium sp012838205, 95.0, 78.38, 0.31	99.17	11	N/A	N/A
Rep_1581	d__Archaea;p__Methanobacteriota;c__Methanobacteria;o__Methanobacteriales;f__Methanobacteriaceae;g__Methanosphaera;s__Methanosphaera stadtmanae	GCF_000012545.1	95.0	d__Archaea;p__Methanobacteriota;c__Methanobacteria;o__Methanobacteriales;f__Methanobacteriaceae;g__Methanosphaera;s__Methanosphaera stadtmanae	99.35	0.87	GCF_000012545.1	95.0	d__Archaea;p__Methanobacteriota;c__Methanobacteria;o__Methanobacteriales;f__Methanobacteriaceae;g__Methanosphaera;s__Methanosphaera stadtmanae	99.35	0.87	d__Archaea;p__Methanobacteriota;c__Methanobacteria;o__Methanobacteriales;f__Methanobacteriaceae;g__Methanosphaera;s__	taxonomic classification defined by topology and ANI	topological placement and ANI have congruent species assignments	GCF_001729965.1, s__Methanosphaera sp001729965, 95.0, 81.64, 0.57; GCA_902782945.1, s__Methanosphaera sp900322125, 95.0, 80.22, 0.49; GCA_016282985.1, s__Methanosphaera sp016282985, 95.0, 79.83, 0.36; GCA_015062805.1, s__Methanosphaera stadtmanae_C, 95.0, 79.56, 0.38; GCA_013330915.1, s__Methanosphaera sp11921u, 95.0, 79.28, 0.29; GCA_015062815.1, s__Methanosphaera stadtmanae_B, 95.0, 79.22, 0.41; GCA_015062825.1, s__Methanosphaera stadtmanae_A, 95.0, 79.2, 0.41; GCF_003149675.1, s__Methanosphaera cuniculi, 95.0, 79.11, 0.42; GCA_017431845.1, s__Methanosphaera sp017431845, 95.0, 78.93, 0.38; GCA_003266145.1, s__Methanosphaera sp003266145, 95.0, 78.92, 0.26; GCA_017430835.1, s__Methanosphaera sp017430835, 95.0, 78.77, 0.37; GCF_003268005.1, s__Methanosphaera sp003268005, 95.0, 78.6, 0.3; GCA_902797085.1, s__Methanosphaera sp902797085, 95.0, 78.34, 0.28; GCA_003266105.1, s__Methanosphaera sp003266105, 95.0, 77.96, 0.31; GCA_017652595.1, s__Methanosphaera sp017652595, 95.0, 77.72, 0.15; GCA_003266075.1, s__Methanosphaera sp003266075, 95.0, 77.65, 0.12; GCA_003266165.1, s__Methanosphaera sp003266165, 95.0, 77.37, 0.16; GCA_003266065.1, s__Methanosphaera sp003266065, 95.0, 77.08, 0.13	86.75	11	N/A	N/A
Rep_2	d__Archaea;p__Thermoplasmatota;c__Thermoplasmata;o__Methanomassiliicoccales;f__Methanomassiliicoccaceae;g__Methanomassiliicoccus_A;s__Methanomassiliicoccus_A intestinalis	GCF_000404225.1	95.0	d__Archaea;p__Thermoplasmatota;c__Thermoplasmata;o__Methanomassiliicoccales;f__Methanomassiliicoccaceae;g__Methanomassiliicoccus_A;s__Methanomassiliicoccus_A intestinalis	99.82	0.99	GCF_000404225.1	95.0	d__Archaea;p__Thermoplasmatota;c__Thermoplasmata;o__Methanomassiliicoccales;f__Methanomassiliicoccaceae;g__Methanomassiliicoccus_A;s__Methanomassiliicoccus_A intestinalis	99.82	0.99	d__Archaea;p__Thermoplasmatota;c__Thermoplasmata;o__Methanomassiliicoccales;f__Methanomassiliicoccaceae;g__Methanomassiliicoccus_A;s__	taxonomic classification defined by topology and ANI	topological placement and ANI have congruent species assignments	GCA_905202485.1, s__Methanomassiliicoccus_A sp905202485, 95.0, 84.29, 0.77; GCA_905203995.1, s__Methanomassiliicoccus_A sp905203995, 95.0, 79.86, 0.38	97.91	11	N/A	N/A
Rep_3	d__Archaea;p__Thermoplasmatota;c__Thermoplasmata;o__Methanomassiliicoccales;f__Methanomethylophilaceae;g__MX-02;s__MX-02 sp006954405	GCA_006954405.1	95.0	d__Archaea;p__Thermoplasmatota;c__Thermoplasmata;o__Methanomassiliicoccales;f__Methanomethylophilaceae;g__MX-02;s__MX-02 sp006954405	98.95	0.93	GCA_006954405.1	95.0	d__Archaea;p__Thermoplasmatota;c__Thermoplasmata;o__Methanomassiliicoccales;f__Methanomethylophilaceae;g__MX-02;s__MX-02 sp006954405	98.95	0.93	d__Archaea;p__Thermoplasmatota;c__Thermoplasmata;o__Methanomassiliicoccales;f__Methanomethylophilaceae;g__MX-02;s__	taxonomic classification defined by topology and ANI	topological placement and ANI have congruent species assignments	GCA_017455785.1, s__MX-02 sp017455785, 95.0, 79.03, 0.23	92.64	11	N/A	N/A
Rep_4	d__Archaea;p__Thermoplasmatota;c__Thermoplasmata;o__Methanomassiliicoccales;f__Methanomethylophilaceae;g__Methanomethylophilus;s__Methanomethylophilus alvus	GCF_000300255.2	95.0	d__Archaea;p__Thermoplasmatota;c__Thermoplasmata;o__Methanomassiliicoccales;f__Methanomethylophilaceae;g__Methanomethylophilus;s__Methanomethylophilus alvus	99.02	0.93	GCF_000300255.2	95.0	d__Archaea;p__Thermoplasmatota;c__Thermoplasmata;o__Methanomassiliicoccales;f__Methanomethylophilaceae;g__Methanomethylophilus;s__Methanomethylophilus alvus	99.02	0.93	d__Archaea;p__Thermoplasmatota;c__Thermoplasmata;o__Methanomassiliicoccales;f__Methanomethylophilaceae;g__Methanomethylophilus;s__	taxonomic classification defined by topology and ANI	topological placement and ANI have congruent species assignments	GCA_002503545.1, s__Methanomethylophilus sp002503545, 95.0, 83.38, 0.74; GCA_902787415.1, s__Methanomethylophilus sp902787415, 95.0, 80.31, 0.54; GCA_000350305.1, s__Methanomethylophilus sp000350305, 95.0, 80.03, 0.42; GCF_001481295.1, s__Methanomethylophilus sp001481295, 95.0, 79.79, 0.45; GCA_902763685.1, s__Methanomethylophilus sp902763685, 95.0, 79.71, 0.39; GCA_001560915.1, s__Methanomethylophilus sp001560915, 95.0, 79.66, 0.38; GCA_015063225.1, s__Methanomethylophilus sp015063225, 95.0, 79.25, 0.33; GCA_002495325.1, s__Methanomethylophilus sp002495325, 95.0, 77.52, 0.2	93.97	11	N/A	N/A
Rep_5	d__Archaea;p__Thermoplasmatota;c__Thermoplasmata;o__Methanomassiliicoccales;f__Methanomethylophilaceae;g__UBA71;s__UBA71 sp905187815	GCA_905187815.1	95.0	d__Archaea;p__Thermoplasmatota;c__Thermoplasmata;o__Methanomassiliicoccales;f__Methanomethylophilaceae;g__UBA71;s__UBA71 sp905187815	98.57	0.91	GCA_905187815.1	95.0	d__Archaea;p__Thermoplasmatota;c__Thermoplasmata;o__Methanomassiliicoccales;f__Methanomethylophilaceae;g__UBA71;s__UBA71 sp905187815	98.57	0.91	d__Archaea;p__Thermoplasmatota;c__Thermoplasmata;o__Methanomassiliicoccales;f__Methanomethylophilaceae;g__UBA71;s__	taxonomic classification defined by topology and ANI	topological placement and ANI have congruent species assignments	GCA_009911715.1, s__UBA71 sp006954425, 95.0, 85.35, 0.75; GCA_002504405.1, s__UBA71 sp002504405, 95.0, 81.61, 0.61; GCA_900767505.1, s__UBA71 sp900767505, 95.0, 81.12, 0.6; GCA_016296195.1, s__UBA71 sp016296195, 95.0, 80.84, 0.48; GCA_017461225.1, s__UBA71 sp017461225, 95.0, 80.8, 0.55; GCA_006954465.1, s__UBA71 sp006954465, 95.0, 80.56, 0.53; GCA_015063135.1, s__UBA71 sp015063135, 95.0, 80.26, 0.43; GCA_002506425.1, s__UBA71 sp002506425, 95.0, 80.15, 0.49; GCA_015063165.1, s__UBA71 sp015063165, 95.0, 79.81, 0.39; GCA_017540825.1, s__UBA71 sp017540825, 95.0, 79.8, 0.37; GCA_017616575.1, s__UBA71 sp017616575, 95.0, 79.7, 0.32; GCA_017935945.1, s__UBA71 sp017935945, 95.0, 79.7, 0.42; GCA_001563305.1, s__UBA71 sp001563305, 95.0, 79.58, 0.38; GCA_017519045.1, s__UBA71 sp017519045, 95.0, 79.56, 0.35; GCA_002504495.1, s__UBA71 sp002504495, 95.0, 79.5, 0.39; GCA_017507885.1, s__UBA71 sp017507885, 95.0, 79.39, 0.42; GCA_016284295.1, s__UBA71 sp016284295, 95.0, 79.32, 0.36; GCA_015063285.1, s__UBA71 sp015063285, 95.0, 79.13, 0.23; GCA_015063125.1, s__UBA71 sp015063125, 95.0, 79.05, 0.32; GCA_015063245.1, s__UBA71 sp015063245, 95.0, 79.01, 0.35; GCA_017468935.1, s__UBA71 sp017468935, 95.0, 78.94, 0.29; GCA_017475875.1, s__UBA71 sp017475875, 95.0, 78.59, 0.31; GCA_017524805.1, s__UBA71 sp017524805, 95.0, 78.44, 0.24; GCA_016281925.1, s__UBA71 sp016281925, 95.0, 77.78, 0.24; GCA_015063235.1, s__UBA71 sp015063235, 95.0, 77.72, 0.21; GCA_016282555.1, s__UBA71 sp016282555, 95.0, 77.67, 0.17; GCA_002506175.1, s__UBA71 sp002506175, 95.0, 77.39, 0.27	97.95	11	N/A	N/A
Rep_6	d__Archaea;p__Thermoplasmatota;c__Thermoplasmata;o__Methanomassiliicoccales;f__Methanomethylophilaceae;g__UBA71;s__UBA71 sp006954425	GCA_009911715.1	95.0	d__Archaea;p__Thermoplasmatota;c__Thermoplasmata;o__Methanomassiliicoccales;f__Methanomethylophilaceae;g__UBA71;s__UBA71 sp006954425	97.15	0.88	GCA_009911715.1	95.0	d__Archaea;p__Thermoplasmatota;c__Thermoplasmata;o__Methanomassiliicoccales;f__Methanomethylophilaceae;g__UBA71;s__UBA71 sp006954425	97.15	0.88	d__Archaea;p__Thermoplasmatota;c__Thermoplasmata;o__Methanomassiliicoccales;f__Methanomethylophilaceae;g__UBA71;s__	taxonomic classification defined by topology and ANI	topological placement and ANI have congruent species assignments	GCA_905187815.1, s__UBA71 sp905187815, 95.0, 85.46, 0.74; GCA_002504405.1, s__UBA71 sp002504405, 95.0, 82.02, 0.58; GCA_006954465.1, s__UBA71 sp006954465, 95.0, 81.24, 0.49; GCA_017461225.1, s__UBA71 sp017461225, 95.0, 81.1, 0.57; GCA_900767505.1, s__UBA71 sp900767505, 95.0, 80.95, 0.59; GCA_015063135.1, s__UBA71 sp015063135, 95.0, 80.83, 0.43; GCA_016296195.1, s__UBA71 sp016296195, 95.0, 80.81, 0.5; GCA_002506425.1, s__UBA71 sp002506425, 95.0, 80.44, 0.52; GCA_015063165.1, s__UBA71 sp015063165, 95.0, 79.94, 0.39; GCA_017519045.1, s__UBA71 sp017519045, 95.0, 79.83, 0.36; GCA_017935945.1, s__UBA71 sp017935945, 95.0, 79.77, 0.45; GCA_001563305.1, s__UBA71 sp001563305, 95.0, 79.67, 0.39; GCA_002504495.1, s__UBA71 sp002504495, 95.0, 79.58, 0.4; GCA_017507885.1, s__UBA71 sp017507885, 95.0, 79.54, 0.4; GCA_016284295.1, s__UBA71 sp016284295, 95.0, 79.52, 0.33; GCA_017540825.1, s__UBA71 sp017540825, 95.0, 79.4, 0.4; GCA_017616575.1, s__UBA71 sp017616575, 95.0, 79.39, 0.37; GCA_015063125.1, s__UBA71 sp015063125, 95.0, 79.22, 0.33; GCA_017475875.1, s__UBA71 sp017475875, 95.0, 79.11, 0.29; GCA_015063285.1, s__UBA71 sp015063285, 95.0, 79.03, 0.24; GCA_015063245.1, s__UBA71 sp015063245, 95.0, 78.88, 0.35; GCA_017468935.1, s__UBA71 sp017468935, 95.0, 78.76, 0.29; GCA_017524805.1, s__UBA71 sp017524805, 95.0, 78.54, 0.25; GCA_016281925.1, s__UBA71 sp016281925, 95.0, 77.91, 0.26; GCA_015063235.1, s__UBA71 sp015063235, 95.0, 77.75, 0.2; GCA_016282555.1, s__UBA71 sp016282555, 95.0, 77.63, 0.18; GCA_002506175.1, s__UBA71 sp002506175, 95.0, 77.37, 0.28	96.34	11	N/A	N/A
Rep_7	d__Archaea;p__Thermoplasmatota;c__Thermoplasmata;o__Methanomassiliicoccales;f__Methanomethylophilaceae;g__UBA71;s__	N/A	N/A	N/A	N/A	N/A	N/A	N/A	N/A	N/A	N/A	d__Archaea;p__Thermoplasmatota;c__Thermoplasmata;o__Methanomassiliicoccales;f__Methanomethylophilaceae;g__UBA71;s__	taxonomic classification defined by topology and ANI	N/A	GCA_009911715.1, s__UBA71 sp006954425, 95.0, 83.01, 0.71; GCA_905187815.1, s__UBA71 sp905187815, 95.0, 82.64, 0.7; GCA_002504405.1, s__UBA71 sp002504405, 95.0, 81.53, 0.57; GCA_015063135.1, s__UBA71 sp015063135, 95.0, 80.75, 0.43; GCA_900767505.1, s__UBA71 sp900767505, 95.0, 80.55, 0.38; GCA_002506425.1, s__UBA71 sp002506425, 95.0, 80.53, 0.4; GCA_017461225.1, s__UBA71 sp017461225, 95.0, 80.4, 0.46; GCA_006954465.1, s__UBA71 sp006954465, 95.0, 80.37, 0.38; GCA_017540825.1, s__UBA71 sp017540825, 95.0, 79.68, 0.42; GCA_016296195.1, s__UBA71 sp016296195, 95.0, 79.61, 0.36; GCA_015063165.1, s__UBA71 sp015063165, 95.0, 79.35, 0.35; GCA_001563305.1, s__UBA71 sp001563305, 95.0, 79.3, 0.33; GCA_017519045.1, s__UBA71 sp017519045, 95.0, 79.29, 0.36; GCA_017616575.1, s__UBA71 sp017616575, 95.0, 79.21, 0.22; GCA_017935945.1, s__UBA71 sp017935945, 95.0, 79.02, 0.33; GCA_002504495.1, s__UBA71 sp002504495, 95.0, 78.93, 0.36; GCA_017507885.1, s__UBA71 sp017507885, 95.0, 78.64, 0.32; GCA_017524805.1, s__UBA71 sp017524805, 95.0, 78.51, 0.26; GCA_015063125.1, s__UBA71 sp015063125, 95.0, 78.49, 0.29; GCA_016282555.1, s__UBA71 sp016282555, 95.0, 78.47, 0.12; GCA_016284295.1, s__UBA71 sp016284295, 95.0, 78.35, 0.37; GCA_015063285.1, s__UBA71 sp015063285, 95.0, 78.32, 0.2; GCA_017475875.1, s__UBA71 sp017475875, 95.0, 78.21, 0.21; GCA_015063245.1, s__UBA71 sp015063245, 95.0, 78.04, 0.29; GCA_017468935.1, s__UBA71 sp017468935, 95.0, 78.03, 0.27; GCA_016281925.1, s__UBA71 sp016281925, 95.0, 77.7, 0.26; GCA_002506175.1, s__UBA71 sp002506175, 95.0, 77.14, 0.16; GCA_015063235.1, s__UBA71 sp015063235, 95.0, 76.88, 0.18	75.78	11	0.9522693354314543	Genome not assigned to closest species as it falls outside its pre-defined ANI radius
Rep_8	d__Archaea;p__Thermoplasmatota;c__Thermoplasmata;o__Methanomassiliicoccales;f__Methanomethylophilaceae;g__UBA71;s__UBA71 sp006954465	GCA_006954465.1	95.0	d__Archaea;p__Thermoplasmatota;c__Thermoplasmata;o__Methanomassiliicoccales;f__Methanomethylophilaceae;g__UBA71;s__UBA71 sp006954465	97.19	0.97	GCA_006954465.1	95.0	d__Archaea;p__Thermoplasmatota;c__Thermoplasmata;o__Methanomassiliicoccales;f__Methanomethylophilaceae;g__UBA71;s__UBA71 sp006954465	97.19	0.97	d__Archaea;p__Thermoplasmatota;c__Thermoplasmata;o__Methanomassiliicoccales;f__Methanomethylophilaceae;g__UBA71;s__	taxonomic classification defined by topology and ANI	topological placement and ANI have congruent species assignments	GCA_002506425.1, s__UBA71 sp002506425, 95.0, 82.77, 0.7; GCA_002504495.1, s__UBA71 sp002504495, 95.0, 80.82, 0.53; GCA_900767505.1, s__UBA71 sp900767505, 95.0, 80.8, 0.55; GCA_009911715.1, s__UBA71 sp006954425, 95.0, 80.8, 0.46; GCA_905187815.1, s__UBA71 sp905187815, 95.0, 80.75, 0.51; GCA_016296195.1, s__UBA71 sp016296195, 95.0, 80.08, 0.46; GCA_017461225.1, s__UBA71 sp017461225, 95.0, 80.07, 0.47; GCA_002504405.1, s__UBA71 sp002504405, 95.0, 80.05, 0.45; GCA_015063135.1, s__UBA71 sp015063135, 95.0, 79.88, 0.37; GCA_015063165.1, s__UBA71 sp015063165, 95.0, 79.43, 0.28; GCA_017935945.1, s__UBA71 sp017935945, 95.0, 79.2, 0.37; GCA_017519045.1, s__UBA71 sp017519045, 95.0, 78.98, 0.3; GCA_001563305.1, s__UBA71 sp001563305, 95.0, 78.93, 0.36; GCA_017507885.1, s__UBA71 sp017507885, 95.0, 78.84, 0.37; GCA_016284295.1, s__UBA71 sp016284295, 95.0, 78.82, 0.32; GCA_017540825.1, s__UBA71 sp017540825, 95.0, 78.78, 0.26; GCA_015063125.1, s__UBA71 sp015063125, 95.0, 78.74, 0.29; GCA_015063285.1, s__UBA71 sp015063285, 95.0, 78.57, 0.22; GCA_017616575.1, s__UBA71 sp017616575, 95.0, 78.5, 0.3; GCA_017468935.1, s__UBA71 sp017468935, 95.0, 78.48, 0.3; GCA_017475875.1, s__UBA71 sp017475875, 95.0, 78.19, 0.29; GCA_015063245.1, s__UBA71 sp015063245, 95.0, 78.19, 0.36; GCA_017524805.1, s__UBA71 sp017524805, 95.0, 78.05, 0.21; GCA_016281925.1, s__UBA71 sp016281925, 95.0, 77.62, 0.19; GCA_016282555.1, s__UBA71 sp016282555, 95.0, 77.59, 0.14; GCA_015063235.1, s__UBA71 sp015063235, 95.0, 77.43, 0.19; GCA_002506175.1, s__UBA71 sp002506175, 95.0, 77.18, 0.24	97.54	11	N/A	N/A
Rep_9	d__Archaea;p__Thermoplasmatota;c__Thermoplasmata;o__Methanomassiliicoccales;f__Methanomethylophilaceae;g__UBA71;s__UBA71 sp900767505	GCA_900767505.1	95.0	d__Archaea;p__Thermoplasmatota;c__Thermoplasmata;o__Methanomassiliicoccales;f__Methanomethylophilaceae;g__UBA71;s__UBA71 sp900767505	99.63	0.79	GCA_900767505.1	95.0	d__Archaea;p__Thermoplasmatota;c__Thermoplasmata;o__Methanomassiliicoccales;f__Methanomethylophilaceae;g__UBA71;s__UBA71 sp900767505	99.63	0.79	d__Archaea;p__Thermoplasmatota;c__Thermoplasmata;o__Methanomassiliicoccales;f__Methanomethylophilaceae;g__UBA71;s__	taxonomic classification defined by topology and ANI	topological placement and ANI have congruent species assignments	GCA_009911715.1, s__UBA71 sp006954425, 95.0, 80.77, 0.61; GCA_905187815.1, s__UBA71 sp905187815, 95.0, 80.74, 0.61; GCA_002504405.1, s__UBA71 sp002504405, 95.0, 80.4, 0.53; GCA_016296195.1, s__UBA71 sp016296195, 95.0, 80.03, 0.44; GCA_017461225.1, s__UBA71 sp017461225, 95.0, 79.93, 0.48; GCA_017935945.1, s__UBA71 sp017935945, 95.0, 79.82, 0.38; GCA_006954465.1, s__UBA71 sp006954465, 95.0, 79.81, 0.43; GCA_002506425.1, s__UBA71 sp002506425, 95.0, 79.6, 0.43; GCA_015063165.1, s__UBA71 sp015063165, 95.0, 79.54, 0.43; GCA_017507885.1, s__UBA71 sp017507885, 95.0, 79.5, 0.35; GCA_001563305.1, s__UBA71 sp001563305, 95.0, 79.45, 0.41; GCA_017468935.1, s__UBA71 sp017468935, 95.0, 79.33, 0.32; GCA_015063135.1, s__UBA71 sp015063135, 95.0, 79.22, 0.41; GCA_015063125.1, s__UBA71 sp015063125, 95.0, 79.16, 0.37; GCA_016284295.1, s__UBA71 sp016284295, 95.0, 79.12, 0.4; GCA_015063285.1, s__UBA71 sp015063285, 95.0, 79.04, 0.3; GCA_002504495.1, s__UBA71 sp002504495, 95.0, 78.87, 0.36; GCA_017540825.1, s__UBA71 sp017540825, 95.0, 78.85, 0.37; GCA_017475875.1, s__UBA71 sp017475875, 95.0, 78.79, 0.21; GCA_015063245.1, s__UBA71 sp015063245, 95.0, 78.73, 0.39; GCA_017616575.1, s__UBA71 sp017616575, 95.0, 78.69, 0.18; GCA_017519045.1, s__UBA71 sp017519045, 95.0, 78.44, 0.35; GCA_017524805.1, s__UBA71 sp017524805, 95.0, 78.3, 0.27; GCA_002506175.1, s__UBA71 sp002506175, 95.0, 77.94, 0.22; GCA_016281925.1, s__UBA71 sp016281925, 95.0, 77.78, 0.25; GCA_015063235.1, s__UBA71 sp015063235, 95.0, 77.57, 0.24; GCA_016282555.1, s__UBA71 sp016282555, 95.0, 77.56, 0.18	80.06	11	N/A	N/A
Rep_900	d__Archaea;p__Halobacteriota;c__Methanomicrobia;o__Methanomicrobiales;f__Methanocorpusculaceae;g__Methanocorpusculum;s__Methanocorpusculum faecipullorum	GCA_018883755.1	95.0	d__Archaea;p__Halobacteriota;c__Methanomicrobia;o__Methanomicrobiales;f__Methanocorpusculaceae;g__Methanocorpusculum;s__Methanocorpusculum faecipullorum	98.26	0.91	GCA_018883755.1	95.0	d__Archaea;p__Halobacteriota;c__Methanomicrobia;o__Methanomicrobiales;f__Methanocorpusculaceae;g__Methanocorpusculum;s__Methanocorpusculum faecipullorum	98.26	0.91	d__Archaea;p__Halobacteriota;c__Methanomicrobia;o__Methanomicrobiales;f__Methanocorpusculaceae;g__Methanocorpusculum;s__	taxonomic classification defined by topology and ANI	topological placement and ANI have congruent species assignments	GCA_001940805.1, s__Methanocorpusculum sp001940805, 95.0, 83.06, 0.74; GCA_017387505.1, s__Methanocorpusculum sp017387505, 95.0, 79.1, 0.15; GCA_017622255.1, s__Methanocorpusculum sp017622255, 95.0, 78.85, 0.21; GCA_002498375.1, s__Methanocorpusculum sp002498375, 95.0, 78.71, 0.22; GCA_017399555.1, s__Methanocorpusculum sp017399555, 95.0, 78.65, 0.18; GCF_000015765.1, s__Methanocorpusculum labreanum, 95.0, 78.64, 0.22; GCA_017408885.1, s__Methanocorpusculum sp017408885, 95.0, 78.59, 0.17; GCA_002287215.1, s__Methanocorpusculum parvum, 95.0, 78.43, 0.2; GCA_003315675.1, s__Methanocorpusculum sp003315675, 95.0, 78.25, 0.21; GCA_015063085.1, s__Methanocorpusculum parvum_A, 95.0, 78.25, 0.15; GCA_002506085.1, s__Methanocorpusculum sp002506085, 95.0, 78.23, 0.18; GCA_017555685.1, s__Methanocorpusculum sp017555685, 95.0, 77.31, 0.21; GCA_018065685.1, s__Methanocorpusculum sp018065685, 95.0, 77.09, 0.09	91.37	11	N/A	N/A
